;
null;Sans rachat;Sans rachat;Sans rachat;Sans rachat;Sans rachat;Sans rachat;Avec rachat;Avec rachat;
null;Taux minoré - cumul limité;Taux minoré - cumul limité;Taux minoré - cumul limité;Taux minoré - cumul limité;Taux minoré - cumul limité;TAUX PLEIN - cumul libre;Taux minoré - cumul limité;Taux minoré - cumul limité;
Date Retraite;2027-11-01;2028-04-01;2029-01-01;2030-01-01;2031-01-01;2032-01-01;2027-11-01;2028-01-01;
Age;63 ans;63 ans et 5 mois;64 ans et 2 mois;65 ans et 2 mois;66 ans et 2 mois;67 ans et 2 mois;63 ans;63 ans et 2 mois;
Mensuel net;3664;3796;4128;4571;5001;5447;3663;3696;
Gain mensuel;'+0 €;'+132 €;'+332 €;'+443 €;'+430 €;'+446 €;'+-1784 €;'+33 €;
Cumul;'+0 €;'+132 €;'+464 €;'+907 €;'+1337 €;'+1783 €;'+-1 €;'+32 €;
Cumul gains à 65 ans;87936 €;72124 €;41280 €;0 €;0 €;0 €;87912 €;81312 €;
Cumul gains à 70 ans;307776 €;299884 €;288960 €;265118 €;230046 €;185198 €;307692 €;303072 €;
Cumul gains à 75 ans;527616 €;527644 €;536640 €;539378 €;530106 €;512018 €;527472 €;524832 €;
Cumul gains à 80 ans;747456 €;755404 €;784320 €;813638 €;830166 €;838838 €;747252 €;746592 €;
Cumul gains à 85 ans;967296 €;983164 €;1032000 €;1087898 €;1130226 €;1165658 €;967032 €;968352 €;
